{"pxx":-454975.24657150550047, "pyy":-334.61050290538554464, "pzz":0, "pyz":0, "pxz":0, "pxy":18719.641667596551997, "pe":16.864748556488848408,"lx":14.458900331500000647, "ly":8.4918322650000543916, "lz":6.6609999999999995879, "xy":5.6381758897668028396, "xz":0, "yz":0 }
