{"pxx":0.00054114940710146743758, "pyy":0.00023457388484684685423, "pzz":0, "pyz":0, "pxz":0, "pxy":15.195849654435455989, "pe":1.7297747460949585157e-08,"lx":12.572956810000000871, "ly":4.3554000000000012705, "lz":6.6609999999999995879, "xy":2.5145478080000001064, "xz":0, "yz":0 }
