{"pxx":0.00054115004732255679674, "pyy":0.00023457374044207014371, "pzz":0, "pyz":0, "pxz":0, "pxy":15.195849655536669331, "pe":6.9190987801321844604e-09,"lx":5.0291827239999999932, "ly":4.3554000000000012705, "lz":6.6609999999999995879, "xy":2.5145478080000001064, "xz":0, "yz":0 }
