{"pxx":0.00054115646917783828424, "pyy":0.00023456693837015470854, "pzz":0, "pyz":0, "pxz":0, "pxy":15.195849673738900165, "pe":1.7297747586508260088e-08,"lx":12.572956810000000871, "ly":4.3554000000000012705, "lz":6.6609999999999995879, "xy":2.5145478080000001064, "xz":0, "yz":0 }
