{"pxx":-5.7705372669935618701e-05, "pyy":1.7691955328013176367e-05, "pzz":-1.4279466304606286691e-05, "pyz":-7.5823052275299776856e-11, "pxz":1.8956366533643217034e-11, "pxy":5.6449335804371800762, "pe":-832.62719991638414285,"lx":10.861899556810426404, "ly":16.29284933521564227, "lz":21.723799113620852808, "xy":-0.00016292849335215644612, "xz":0, "yz":0 }
