{"pxx":0.00077382742461826691492, "pyy":0.00013735976823641058678, "pzz":0, "pyz":0, "pxz":0, "pxy":0.0016657074406444655722, "pe":1.1046034151962381619e-14,"lx":12.572956810000000871, "ly":8.7108000000000007645, "lz":6.6609999999999995879, "xy":5.0291827239999999932, "xz":0, "yz":0 }
