{"pxx":-1.8202321075956091612, "pyy":-495002.20506741112331, "pzz":0, "pyz":0, "pxz":0, "pxy":-18919.101034546154551, "pe":38.132978956255911385,"lx":12.232815846325122422, "ly":10.888500000000000512, "lz":6.6609999999999995879, "xy":5.0291827239999999932, "xz":0, "yz":0 }
