{"pxx":0.00071453602785944499327, "pyy":0.00019665031226842621427, "pzz":0, "pyz":0, "pxz":0, "pxy":-2.1615862825893848906e-10, "pe":7.3750350435303615334e-16,"lx":12.572956810000000871, "ly":4.3554000000000003823, "lz":6.6609999999999995879, "xy":2.5145913619999999966, "xz":0, "yz":0 }
