{"pxx":0.00071453729062594941931, "pyy":0.00019665054403978848917, "pzz":0, "pyz":0, "pxz":0, "pxy":-3.0370081362016350448e-09, "pe":5.5440696293059672336e-18,"lx":5.0291827239999999932, "ly":4.3554000000000003823, "lz":6.6609999999999995879, "xy":2.5145913619999999966, "xz":0, "yz":0 }
