{"pxx":0.00077382735302815243601, "pyy":0.00013735980626752820281, "pzz":0, "pyz":0, "pxz":0, "pxy":1.4375719066852683501e-09, "pe":4.7175600705173760724e-16,"lx":12.572956810000000871, "ly":4.3554000000000003823, "lz":6.6609999999999995879, "xy":2.5145913619999999966, "xz":0, "yz":0 }
