{"xx":-0.00076420218321683348189, "yy":-0.0015142279956193657482,"zz":-0.00076420218321897282962,"yz":3.5939935813236541646e-15,"xz":-1.4405815002233225357e-14,"xy":-2.7279141182040592206e-14}
