{"pxx":-182878.70063978110556, "pyy":-107.94871343632279093, "pzz":0, "pyz":0, "pxz":0, "pxy":10547.033910413354533, "pe":2.1182195987675465076,"lx":13.201604650500001981, "ly":8.6070713002148693249, "lz":6.6609999999999995879, "xy":5.217759677829898024, "xz":0, "yz":0 }
