{"pxx":-12780.040219007260021, "pyy":-505097.0470866363612, "pzz":0, "pyz":0, "pxz":0, "pxy":-20845.822904743592517, "pe":27.206382664298306651,"lx":12.264897957907454185, "ly":10.452960000000000917, "lz":6.6609999999999995879, "xy":5.0291827239999999932, "xz":0, "yz":0 }
