{"pxx":-56.929993293091968098, "pyy":-333194.77397611906053, "pzz":0, "pyz":0, "pxz":0, "pxy":-16683.932683652725245, "pe":8.0141272735598771959,"lx":12.325269560842960104, "ly":9.5818800000000017292, "lz":6.6609999999999995879, "xy":5.0291827239999999932, "xz":0, "yz":0 }
