{"xx":0.0015142615892966356135, "yy":0.0007642395031582054207,"zz":0.00076423950317060728409,"yz":-1.3300821975148408687e-14,"xz":-9.5265216396941741422e-15,"xy":-1.8206861998251302672e-14}
