{"pxx":15.142615892966354352, "pyy":7.6423950315820539103, "pzz":7.6423950317060729276, "pyz":-1.3300821975148407465e-10, "pxz":-9.5265216396941734555e-11, "pxy":-1.8206861998251301667e-10, "pe":-832.62719980243946338}
