{
  "components": [
    1,
    2,
    6
  ],
  "strains": [
    0.01,
    -0.01
  ],
  "C_mean": {
    "1-1": 290.06861377667684,
    "1-2": 65.63682772461428,
    "1-6": 0.0,
    "2-1": 65.68121692280496,
    "2-2": 289.9946317796924,
    "2-6": 0.0,
    "6-1": -0.014796399396892502,
    "6-2": 0.0,
    "6-6": 112.1863002272375
  },
  "C_sem": {
    "1-1": 7.486978094827528,
    "1-2": 2.2490527083276333,
    "1-6": 0.0,
    "2-1": 3.092447473950494,
    "2-2": 6.643583329204661,
    "2-6": 0.0,
    "6-1": 1.0801371559731385,
    "6-2": 1.2428975493389542,
    "6-6": 0.0
  },
  "S": {},
  "units": {
    "stress": "pa m",
    "strain": "-"
  },
  "meta": {
    "workdir": "o.res_pa_m",
    "backend": "qe",
    "base_units": "eV/\u00c5^3"
  }
}