{
  "components": [
    1,
    2,
    6
  ],
  "strains": [
    1e-05,
    -1e-05
  ],
  "C_mean": {
    "1-1": 151.42447924513033,
    "1-2": 76.42208431956344,
    "1-6": 4.5866134812051476e-11,
    "2-1": 76.42208432005785,
    "2-2": 151.42447924609357,
    "2-6": 7.371107275591485e-10,
    "6-1": 1.890968058502617e-10,
    "6-2": 1.821802807807233e-10,
    "6-6": 56.44933580539155
  },
  "C_sem": {
    "1-1": 0.0016796845447406806,
    "1-2": 0.0018659978469955441,
    "1-6": 7.048980158812734e-10,
    "2-1": 0.0018659983860528152,
    "2-2": 0.0016796857469335593,
    "2-6": 8.291490718890023e-10,
    "6-1": 0.0005770539042649288,
    "6-2": 0.00017692096100879718,
    "6-6": 1.419016459051292e-10
  },
  "units": {
    "stress": "gpa",
    "strain": "-"
  },
  "meta": {
    "workdir": "o.res_2d",
    "backend": "lammps",
    "base_units": "eV/\u00c5^3"
  }
}