{
  "components": [
    1,
    2,
    6
  ],
  "strains": [
    1e-05,
    -1e-05
  ],
  "C_mean": {
    "1-1": 151.42447924513036,
    "1-2": 76.42208431956345,
    "1-6": 4.5866134812051554e-11,
    "2-1": 76.42208432005786,
    "2-2": 151.42447924609357,
    "2-6": 7.371107275591485e-10,
    "6-1": 1.890968058136308e-10,
    "6-2": 1.8218028076237049e-10,
    "6-6": 56.449335805391556
  },
  "C_sem": {
    "1-1": 0.0016796845447402118,
    "1-2": 0.0018659978469983682,
    "1-6": 7.048980158812736e-10,
    "2-1": 0.0018659983860516147,
    "2-2": 0.0016796857469216773,
    "2-6": 8.291490718890023e-10,
    "6-1": 0.0005770539042649288,
    "6-2": 0.00017692096100879718,
    "6-6": 1.419060425168007e-10
  },
  "units": {
    "stress": "GPa",
    "strain": "-"
  }
}