{"xx":-5.7705397177453019023e-09, "yy":-1.4279597177043890211e-09,"zz":1.7692076862535203162e-09,"yz":-6.2243949721958708976e-15,"xz":0.00056449335804093685523,"xy":1.0506753101510400443e-14}
