{"pxx":-5.7705410489296780072e-05, "pyy":1.769191889195702186e-05, "pzz":-1.4279498995587922277e-05, "pyz":-2.7918364374209570501e-10, "pxz":-3.9769952021446893487e-11, "pxy":-5.6449335806411307104, "pe":-832.62719991638425654,"lx":10.861899556810426404, "ly":16.29284933521564227, "lz":21.723799113620852808, "xy":0.00016292849335215644612, "xz":0, "yz":16.29284933521564227 }
