{"pxx":-538330.49182323121931, "pyy":-336.95941749147755218, "pzz":0, "pyz":0, "pxz":0, "pxy":16596.859287479353952, "pe":27.936874273488815135,"lx":15.08754817199999998, "ly":8.4775683300000572729, "lz":6.6609999999999995879, "xy":5.8734316278779186149, "xz":0, "yz":0 }
