{"pxx":-7.6420218321683339724, "pyy":-15.142279956193656076, "pzz":-7.642021832189727526, "pyz":3.5939935813236540157e-11, "pxz":-1.4405815002233224443e-10, "pxy":-2.727914118204059154e-10, "pe":-832.62719980244150975}
