{"pxx":-7.6420218321683339724, "pyy":-15.142279956193656076, "pzz":-7.642021832189727526, "pyz":3.5939935813236540157e-11, "pxz":-1.4405815002233224443e-10, "pxy":-2.727914118204059154e-10, "pe":-832.62719980244150975,"lx":10.861899556810426404, "ly":16.293012263708995135, "lz":21.723799113620852808, "xy":0, "xz":0, "yz":16.293012263708995135 }
