{"xx":-5.7705372669935618622e-09, "yy":1.7691955328013176545e-09,"zz":-1.4279466304606286525e-09,"yz":-7.5823052275299779103e-15,"xz":1.895636653364321747e-15,"xy":0.00056449335804371805064}
