{"xx":-0.0015142279956059715145, "yy":-0.00076420218323306366316,"zz":-0.00076420218321965425069,"yz":6.1915008171966553513e-15,"xz":-6.4147880890414202097e-15,"xy":-1.9124184694492333118e-14}
