{"pxx":7.6423950317161608581, "pyy":7.64239503156361355, "pzz":15.142615892925954668, "pyz":-7.2262478522219942524e-11, "pxz":-6.3811993894648375324e-11, "pxy":-3.3051824832204584946e-10, "pe":-832.62719980243957707}
