{
  "components": [
    1,
    "yy",
    3,
    "yz",
    5,
    6
  ],
  "strains": [
    1e-05,
    -1e-05
  ],
  "C_mean": {
    "1-1": 151.42448,
    "1-2": 76.422084,
    "1-3": 76.422084,
    "1-4": -9.7461614e-10,
    "1-5": -1.5558667500000005e-10,
    "1-6": 4.586614999999998e-11,
    "2-1": 76.422084,
    "2-2": 151.42448000000002,
    "2-3": 76.422084,
    "2-4": -3.0693730000000005e-10,
    "2-5": -9.9441115e-10,
    "2-6": 7.371107000000001e-10,
    "3-1": 76.422084,
    "3-2": 76.422084,
    "3-3": 151.42448,
    "3-4": 4.856200550000001e-10,
    "3-5": 8.619141000000007e-11,
    "3-6": -1.00156545e-09,
    "4-1": -1.949999999933125e-10,
    "4-2": -2.4999999997683126e-10,
    "4-3": -2.100000000011381e-10,
    "4-4": 56.449335999999995,
    "4-5": -1.8589539999999997e-09,
    "4-6": 2.318308999999999e-10,
    "5-1": -4.500000003702931e-11,
    "5-2": -6.000000000419732e-11,
    "5-3": -3.50000000092247e-11,
    "5-4": -3.3641384999999966e-11,
    "5-5": 56.44933599999999,
    "5-6": -4.998505000000023e-11,
    "6-1": 1.85000000019718e-10,
    "6-2": 1.7999999999903944e-10,
    "6-3": 1.6499999999121384e-10,
    "6-4": 1.01680294e-09,
    "6-5": 2.93631595e-10,
    "6-6": 56.44933599999999
  },
  "C_sem": {
    "1-1": 0.0016800000115324565,
    "1-2": 0.0018660015899030213,
    "1-3": 0.0018660002530310746,
    "1-4": 9.705389399999999e-10,
    "1-5": 6.98678104e-10,
    "1-6": 7.048980500000002e-10,
    "2-1": 0.0018660000115318098,
    "2-2": 0.0016800015899178788,
    "2-3": 0.0018660002530310746,
    "2-4": 1.3784670599999998e-09,
    "2-5": 2.3366052689999995e-09,
    "2-6": 8.291491000000003e-10,
    "3-1": 0.0018660000115318098,
    "3-2": 0.0018660015899030213,
    "3-3": 0.001680000253060143,
    "3-4": 1.177601549999998e-10,
    "3-5": 6.259239689999999e-10,
    "3-6": 1.1419627500000001e-09,
    "4-1": 0.000142795243468767,
    "4-2": 0.0005770540800910999,
    "4-3": 0.00017692061304497997,
    "4-4": 1.3260006426207838e-09,
    "4-5": 1.727333189999997e-10,
    "4-6": 2.5954151e-09,
    "5-1": 0.000577053913468767,
    "5-2": 0.00014279432009109996,
    "5-3": 0.00017692105804497995,
    "5-4": 7.372068849999998e-10,
    "5-5": 9.839240539851985e-11,
    "5-6": 2.2623146499999996e-09,
    "6-1": 0.0005770539034687668,
    "6-2": 0.00017692095990889996,
    "6-3": 0.00014279457195501998,
    "6-4": 4.4902845999999996e-10,
    "6-5": 5.680543999999952e-12,
    "6-6": 1.161655660558584e-09
  },
  "units": {
    "stress": "GPa",
    "strain": "-"
  }
}