{
  "components": [
    1,
    "yy",
    3,
    "yz",
    5,
    6
  ],
  "strains": [
    1e-05,
    -1e-05
  ],
  "C_mean": {
    "1-1": 151.42447924426563,
    "1-2": 76.42208431901753,
    "1-3": 76.42208431898301,
    "1-4": 8.840004131204066e-10,
    "1-5": -2.989593948256542e-10,
    "1-6": -3.2804129316995783e-10,
    "2-1": 76.42208431949751,
    "2-2": 151.42447924523805,
    "2-3": 76.42208431945117,
    "2-4": 6.860096381856438e-11,
    "2-5": -1.0562059254890209e-09,
    "2-6": -4.496912721023428e-10,
    "3-1": 76.42208431976424,
    "3-2": 76.42208431973248,
    "3-3": 151.42447924523637,
    "3-4": -5.7159604023553855e-12,
    "3-5": -1.2502023266076969e-10,
    "3-6": 7.001859077617423e-10,
    "4-1": 1.93745771124089e-10,
    "4-2": 7.746137495987619e-11,
    "4-3": 1.0104352522812063e-10,
    "4-4": -4.018712228602295e-09,
    "4-5": -6.987613832484613e-08,
    "4-6": -9.343394119082345e-09,
    "5-1": 2.2425117140516827e-11,
    "5-2": -7.504443258989719e-13,
    "5-3": 4.600726742012367e-11,
    "5-4": -7.89463977052308e-08,
    "5-5": 1.4254120696806415e-08,
    "5-6": 5.833479510521305e-09,
    "6-1": 2.235942383409111e-11,
    "6-2": 6.909049517219848e-12,
    "6-3": 3.3337321371862776e-11,
    "6-4": 1.4071370227399205e-07,
    "6-5": -1.2037480357121324e-08,
    "6-6": -1.9375905318999583e-08
  },
  "C_sem": {
    "1-1": 0.001679684505702994,
    "1-2": 0.0018659979291939521,
    "1-3": 0.0018659978807704647,
    "1-4": 1.5231274579789996e-09,
    "1-5": 3.962450838732941e-10,
    "1-6": 4.706114093240102e-10,
    "2-1": 0.0018659992889880073,
    "2-2": 0.0016796867645467728,
    "2-3": 0.0018659992182818996,
    "2-4": 3.407680126154766e-10,
    "2-5": 1.2034628381362501e-09,
    "2-6": 2.607524795470019e-10,
    "3-1": 0.0018659979646429292,
    "3-2": 0.0018659979256412382,
    "3-3": 0.0016796847977502691,
    "3-4": 2.5965734241241234e-10,
    "3-5": 9.072285886614622e-11,
    "3-6": 8.038956862777545e-10,
    "4-1": 4.703823819373414e-10,
    "4-2": 8.314332300255122e-10,
    "4-3": 5.695900538278565e-10,
    "4-4": 9.49225295789773e-09,
    "4-5": 9.36392359897886e-09,
    "4-6": 1.3350439564199898e-08,
    "5-1": 5.031763976306317e-10,
    "5-2": 8.443044033435775e-10,
    "5-3": 5.340771558491367e-10,
    "5-4": 7.457917084478854e-09,
    "5-5": 2.1167501776468913e-08,
    "5-6": 2.8495621759549956e-08,
    "6-1": 3.354990640258299e-10,
    "6-2": 6.876049633550667e-10,
    "6-3": 4.2698154352800394e-10,
    "6-4": 7.427293892978298e-10,
    "6-5": 4.571818792847717e-08,
    "6-6": 5.6717530514976594e-09
  },
  "units": {
    "stress": "GPa",
    "strain": "-"
  }
}