{
  "direction_1": {
    "strain": [
      0.005,
      0.01,
      0.015,
      0.02,
      0.025,
      0.03,
      0.035,
      0.04,
      0.045,
      0.05,
      0.055,
      0.06,
      0.065,
      0.07,
      0.075,
      0.08,
      0.085,
      0.09,
      0.095,
      0.1,
      0.105,
      0.11,
      0.115,
      0.12,
      0.125,
      0.13,
      0.135,
      0.14,
      0.145,
      0.15,
      0.155,
      0.16,
      0.165,
      0.17,
      0.175,
      0.18,
      0.185,
      0.19,
      0.195,
      0.2,
      0.205,
      0.21,
      0.215,
      0.22,
      0.225,
      0.23,
      0.235,
      0.24,
      0.245,
      0.25,
      0.255,
      0.26,
      0.265,
      0.27,
      0.275,
      0.28,
      0.285,
      0.29,
      0.295,
      0.3
    ],
    "stress_3d_gpa": [
      0.029380718861790566,
      0.05834601258942588,
      0.08688253502499695,
      0.11497739550600719,
      0.14261819285002997,
      0.1697930465103178,
      0.1964906253471524,
      0.22270017387629223,
      0.24841153588158654,
      0.27361517530453083,
      0.2983021943482646,
      0.3224643487603017,
      0.3460940602813884,
      0.3691844262733062,
      0.3917292265594945,
      0.4137229275343151,
      0.4351606836154007,
      0.45603833613172995,
      0.4763524097541854,
      0.4961001065901215,
      0.5152792980736618,
      0.533888514793088,
      0.551926934403595,
      0.5693943677790361,
      0.5862912435593723,
      0.6026185912520348,
      0.6183780230455109,
      0.6335717144916234,
      0.6482023842102748,
      0.6622732727662144,
      0.6757881208624041,
      0.6887511469885561,
      0.7011670246569294,
      0.7130408593500774,
      0.7243781652979148,
      0.7351848421933325,
      0.7454671519477483,
      0.7552316955797576,
      0.7644853903216919,
      0.7732354470215538,
      0.7814893479091016,
      0.7892548247879181,
      0.7965398377076983,
      0.8033525541637336,
      0.8097013288644773,
      0.815594684101532,
      0.8210412907497091,
      0.8260499499210128,
      0.8306295752895912,
      0.8347891761006898,
      0.8385378408727315,
      0.8418847217967139,
      0.8448390198343795,
      0.8474099705131514,
      0.8496068304125102,
      0.8514388643347441,
      0.8529153331501199,
      0.8540454823044384,
      0.8548385309763082,
      0.8553036618684275
    ],
    "stress_custom_units": [
      1.5769488788990575,
      3.131600679137301,
      4.663239073491723,
      6.17117218250669,
      7.654734398549635,
      9.11328805802348,
      10.546224985608912,
      11.952967903095127,
      13.332971696737692,
      14.68572453846193,
      16.01074885755727,
      17.307602160945972,
      18.575877701349643,
      19.81520499404151,
      21.025250184002566,
      22.20571626647781,
      23.356343164928013,
      24.476907671349455,
      25.567223254691577,
      26.627139743895203,
      27.656542892621157,
      28.655353833256537,
      29.623528428157044,
      30.561056526370745,
      31.467961134254598,
      32.34429750847529,
      33.190152179891385,
      34.00564191671483,
      34.790912635205466,
      35.54613826592546,
      36.27151958331364,
      36.96728300601734,
      37.63367937507119,
      38.27098271661548,
      38.87948899545362,
      39.45951486531127,
      40.011396421238956,
      40.535487959158516,
      41.032160747105344,
      41.50180181232431,
      41.9448127479107,
      42.36160854231489,
      42.75261643462187,
      43.11827479812684,
      43.45903205440149,
      43.77534561969391,
      44.067680885146416,
      44.33651023211133,
      44.58231208347956,
      44.80556999172155,
      45.00677176413044,
      45.18640862549214,
      45.34497441826072,
      45.48296484013112,
      45.600876718723626,
      45.69920732300061,
      45.778453710881344,
      45.839112112409055,
      45.88167734779013,
      45.906642279462474
    ],
    "units": {
      "strain": "-",
      "stress": "GPa",
      "stress_custom": "pa m"
    },
    "meta": {
      "workdir": "o.graphene_res_2d",
      "backend": "lammps",
      "base_units": "eV/\u00c5^3"
    }
  },
  "direction_2": {
    "strain": [
      0.005,
      0.01,
      0.015,
      0.02,
      0.025,
      0.03,
      0.035,
      0.04,
      0.045,
      0.05,
      0.055,
      0.06,
      0.065,
      0.07,
      0.075,
      0.08,
      0.085,
      0.09,
      0.095,
      0.1,
      0.105,
      0.11,
      0.115,
      0.12,
      0.125,
      0.13,
      0.135,
      0.14,
      0.145,
      0.15,
      0.155,
      0.16,
      0.165,
      0.17,
      0.175,
      0.18,
      0.185,
      0.19,
      0.195,
      0.2,
      0.205,
      0.21,
      0.215,
      0.22,
      0.225,
      0.23,
      0.235,
      0.24,
      0.245,
      0.25,
      0.255,
      0.26,
      0.265,
      0.27,
      0.275,
      0.28,
      0.285,
      0.29,
      0.295,
      0.3
    ],
    "stress_3d_gpa": [
      0.02937802169727307,
      0.05833003565563865,
      0.08683482503679277,
      0.11487151574807947,
      0.14241961090187358,
      0.16945902466523957,
      0.19597011554061444,
      0.22193371913643814,
      0.24733118051175787,
      0.2721443861978527,
      0.2963557960205805,
      0.3199484748646534,
      0.3429061245358227,
      0.36521311588848465,
      0.38685452139255494,
      0.4078161483151076,
      0.4280845726867126,
      0.4476471742096228,
      0.4664921722434378,
      0.4846086629729219,
      0.5019866578211507,
      0.5186171231190018,
      0.5344920209777589,
      0.5496043512373308,
      0.5639481942762481,
      0.5775187543749696,
      0.5903124032194053,
      0.6023267230257969,
      0.6135605486547742,
      0.6240140079755161,
      0.6336885596401938,
      0.6425870273368647,
      0.6507136295205747,
      0.6580740035707964,
      0.664675223307949,
      0.6705258088124032,
      0.6756357275451244,
      0.6800163858603646,
      0.683680610131827,
      0.6866426168888443,
      0.6889179715633208,
      0.6905235356856512,
      0.691477402624985,
      0.6917988222390411,
      0.6915081150657272,
      0.6591932280539025,
      0.6371110346148331,
      0.6668567883125721,
      0.6572584304045324,
      0.6603156732518765,
      0.6781564293032158,
      0.619984512115846,
      0.6180529585630096,
      0.6357172953120866,
      0.6468895040669952,
      0.6544742452017467,
      0.6486647077439461,
      0.6249407283143453,
      0.618554676043019,
      0.6215423573361234
    ],