{"pxx":-13336.609702721363647, "pyy":-432005.9620474363328, "pzz":0, "pyz":0, "pxz":0, "pxy":-17842.119477894888405, "pe":16.74353382050254524,"lx":12.329617606087435178, "ly":10.017419999999999547, "lz":6.6609999999999995879, "xy":5.0291827239999999932, "xz":0, "yz":0 }
