{
  "components": [
    1,
    2,
    6
  ],
  "strains": [
    1e-05,
    -1e-05
  ],
  "C_mean": {
    "1-1": 419.3199173647978,
    "1-2": 115.40292435598839,
    "1-6": -1.8320492168400942e-08,
    "2-1": 115.40292446085046,
    "2-2": 419.3199173196105,
    "2-6": 8.649352389497445e-10,
    "6-1": -1.1099615377360331e-10,
    "6-2": -3.2661362849654494e-09,
    "6-6": 151.9584967382298
  },
  "C_sem": {
    "1-1": 0.0074789048526638716,
    "1-2": 0.0062218455317604865,
    "1-6": 3.017736640537604e-07,
    "2-1": 0.005629484274983758,
    "2-2": 0.008071264319007367,
    "2-6": 1.3786089881786574e-08,
    "6-1": 0.0023267087275069885,
    "6-2": 0.0009720745871625498,
    "6-6": 1.5216525721139013e-08
  },
  "S": {},
  "units": {
    "stress": "gpa",
    "strain": "-"
  },
  "meta": {
    "workdir": "o.hbn_res_2d",
    "backend": "lammps",
    "base_units": "eV/\u00c5^3"
  }
}