{
  "components": [
    1,
    2,
    6
  ],
  "strains": [
    1e-05,
    -1e-05
  ],
  "C_mean": {
    "1-1": 279.3089969506666,
    "1-2": 76.8698879189996,
    "1-6": -2.4271810526554023e-10,
    "2-1": 76.86988798341893,
    "2-2": 279.3089969260445,
    "2-6": 1.2629081587233113e-09,
    "6-1": -8.316188958889461e-10,
    "6-2": -2.5186822624808375e-09,
    "6-6": 101.21955455557378
  },
  "C_sem": {
    "1-1": 0.005376656116137461,
    "1-2": 0.003749414456916472,
    "1-6": 2.1890660454075958e-08,
    "2-1": 0.004144704459284752,
    "2-2": 0.004981362767535463,
    "2-6": 2.095230370396324e-08,
    "6-1": 0.0011549315960250016,
    "6-2": 0.00025260892991786063,
    "6-6": 2.0185477582570324e-08
  },
  "S": {},
  "units": {
    "stress": "pa m",
    "strain": "-"
  },
  "meta": {
    "workdir": "o.hbn_res_2d",
    "backend": "lammps",
    "base_units": "eV/\u00c5^3"
  }
}