{
  "components": [
    1,
    2,
    6
  ],
  "strains": [
    1e-05,
    -1e-05
  ],
  "C_mean": {
    "1-1": 279.3089969502835,
    "1-2": 76.86988791916815,
    "1-6": -2.1052378493988997e-10,
    "2-1": 76.86988798239761,
    "2-2": 279.30899692622717,
    "2-6": -2.092920544114476e-10,
    "6-1": -7.729709691332044e-10,
    "6-2": -2.433734065090206e-09,
    "6-6": 101.21955454826349
  },
  "C_sem": {
    "1-1": 0.005376691892528261,
    "1-2": 0.00374938588353515,
    "1-6": 2.8197929209951082e-09,
    "2-1": 0.004144738690311203,
    "2-2": 0.004981333873032624,
    "2-6": 3.145971878612499e-09,
    "6-1": 0.0011549275078979193,
    "6-2": 0.00025261135067892494,
    "6-6": 1.3708965178686243e-09
  },
  "S": {},
  "units": {
    "stress": "pa m",
    "strain": "-"
  },
  "meta": {
    "workdir": "o.hbn_res_2d",
    "backend": "lammps",
    "base_units": "eV/\u00c5^3"
  }
}