{
  "components": [
    1,
    2,
    6
  ],
  "strains": [
    1e-05,
    -1e-05
  ],
  "C_mean": {
    "1-1": 279.3089969566918,
    "1-2": 76.86988791352385,
    "1-6": -1.2203279833371867e-08,
    "2-1": 76.86988798337248,
    "2-2": 279.30899692659256,
    "2-6": 5.761333626644248e-10,
    "6-1": -7.393453802859715e-11,
    "6-2": -2.1755733794154856e-09,
    "6-6": 101.21955467733486
  },
  "C_sem": {
    "1-1": 0.0049816985223594045,
    "1-2": 0.00414437130870566,
    "1-6": 2.0101143762620979e-07,
    "2-1": 0.0037497994755666805,
    "2-2": 0.005376269162890807,
    "2-6": 9.182914470258036e-09,
    "6-1": 0.0015498206833924049,
    "6-2": 0.0006474988825089744,
    "6-6": 1.0135727782850694e-08
  },
  "S": {},
  "units": {
    "stress": "pa m",
    "strain": "-"
  },
  "meta": {
    "workdir": "o.hbn_res_2d",
    "backend": "lammps",
    "base_units": "eV/\u00c5^3"
  }
}