{"xx":-5.7705410489296780562e-09, "yy":1.7691918891957022131e-09,"zz":-1.4279498995587923925e-09,"yz":-2.791836437420957195e-14,"xz":-3.9769952021446893689e-15,"xy":-0.00056449335806411308613}
