{"pxx":41.933513461440874437, "pyy":11.541051973094388572, "pzz":0, "pyz":0, "pxz":0, "pxy":1.7556470698430101238e-10, "pe":4.7734284887945783772e-08,"lx":12.572831080431901896, "ly":4.3554000000000003823, "lz":6.6609999999999995879, "xy":2.5145662160863802015, "xz":0, "yz":0 }
