{"pxx":41.933513457390134249, "pyy":11.541051977590509381, "pzz":0, "pyz":0, "pxz":0, "pxy":2.1294567686103130896e-10, "pe":1.9093713780432642457e-08,"lx":5.029132432172760403, "ly":4.3554000000000003823, "lz":6.6609999999999995879, "xy":2.5145662160863802015, "xz":0, "yz":0 }
