{"pxx":41.933513454318074309, "pyy":11.541051979958282914, "pzz":0, "pyz":0, "pxz":0, "pxy":2.9782889095221220894e-08, "pe":4.7734285280500695165e-08,"lx":12.572831080431901896, "ly":4.3554000000000003823, "lz":6.6609999999999995879, "xy":2.5145662160863802015, "xz":0, "yz":0 }
