{"pxx":11.541629221865573385, "pyy":41.932936218199223788, "pzz":0, "pyz":0, "pxz":0, "pxy":1.4545644240158520996e-10, "pe":4.7733061003845580131e-08,"lx":12.572956810000000871, "ly":4.3553564460000009362, "lz":6.6609999999999995879, "xy":2.5145913619999999966, "xz":0, "yz":4.3553564460000009362 }
