{"pxx":11.541629217950923447, "pyy":41.9329362225020148, "pzz":0, "pyz":0, "pxz":0, "pxy":2.9810849233560480429e-10, "pe":1.9093224146863753433e-08,"lx":5.0291827239999999932, "ly":4.3553564460000009362, "lz":6.6609999999999995879, "xy":2.5145913619999999966, "xz":0, "yz":0 }
