{"pxx":11.541629221673851191, "pyy":41.932936217959813519, "pzz":0, "pyz":0, "pxz":0, "pxy":2.2471809058223443853e-10, "pe":4.7733060993190137265e-08,"lx":12.572956810000000871, "ly":4.3553564460000009362, "lz":6.6609999999999995879, "xy":2.5145913619999999966, "xz":0, "yz":0 }
