{
  "components": [
    1,
    2,
    3,
    4,
    5,
    6
  ],
  "strains": [
    1e-05,
    -1e-05
  ],
  "C_mean": {
    "1-1": 151.42447924513033,
    "1-2": 76.42208431956344,
    "1-3": 76.42208431951306,
    "1-4": -9.74616139617253e-10,
    "1-5": -1.5558667753263767e-10,
    "1-6": 4.5866134812051476e-11,
    "2-1": 76.42208432005785,
    "2-2": 151.42447924609357,
    "2-3": 76.42208432002333,
    "2-4": -3.069373008665672e-10,
    "2-5": -9.944111698657355e-10,
    "2-6": 7.371107275591485e-10,
    "3-1": 76.42208431943922,
    "3-2": 76.422084319462,
    "3-3": 151.4244792449756,
    "3-4": 4.85620074923267e-10,
    "3-5": 8.619140834866344e-11,
    "3-6": -1.001565463381081e-09,
    "4-1": -1.9375898137912834e-10,
    "4-2": -2.538859334824441e-10,
    "4-3": -2.0718043801849398e-10,
    "4-4": 56.449335804929326,
    "4-5": -1.8589540374618563e-09,
    "4-6": 2.3183089351714425e-10,
    "5-1": -4.7207510234712836e-11,
    "5-2": -6.028303661019004e-11,
    "5-3": -3.464577730209947e-11,
    "5-4": -3.3641381829293815e-11,
    "5-5": 56.449335805558746,
    "5-6": -4.9985064539264297e-11,
    "6-1": 1.890968058502617e-10,
    "6-2": 1.821802807807233e-10,
    "6-3": 1.6345490818180931e-10,
    "6-4": 1.0168029573339795e-09,
    "6-5": 2.9363159277545053e-10,
    "6-6": 56.44933580539155
  },
  "C_sem": {
    "1-1": 0.0016796845447406806,
    "1-2": 0.0018659978469955441,
    "1-3": 0.0018659978007029674,
    "1-4": 9.7053890369987e-10,
    "1-5": 6.986781058647294e-10,
    "1-6": 7.048980158812734e-10,
    "2-1": 0.0018659983860528152,
    "2-2": 0.0016796857469335593,
    "2-3": 0.0018659983791067052,
    "2-4": 1.3784670188632562e-09,
    "2-5": 2.336605289517008e-09,
    "2-6": 8.291490718890023e-10,
    "3-1": 0.0018659977339011329,
    "3-2": 0.0018659977640335542,
    "3-3": 0.0016796845370030164,
    "3-4": 1.177601014519914e-10,
    "3-5": 6.25923966723097e-10,
    "3-6": 1.141962701083469e-09,
    "4-1": 0.00014279524295301028,
    "4-2": 0.0005770540805696087,
    "4-3": 0.00017692061389329482,
    "4-4": 2.673185096043661e-10,
    "4-5": 1.7273331543331754e-10,
    "4-6": 2.5954151106692438e-09,
    "5-1": 0.0005770539130357867,
    "5-2": 0.00014279432157845605,
    "5-3": 0.00017692105631610835,
    "5-4": 7.372068462071645e-10,
    "5-5": 1.3666716055972521e-09,
    "5-6": 2.262314693446212e-09,
    "6-1": 0.0005770539042649288,
    "6-2": 0.00017692096100879718,
    "6-3": 0.00014279457345599196,
    "6-4": 4.4902851848951947e-10,
    "6-5": 5.680546866968329e-12,
    "6-6": 1.419016459051292e-10
  },
  "S": {
    "1-1": 0.009984128158108995,
    "1-2": -0.003348779424252389,
    "1-3": -0.003348779424270535,
    "1-4": 9.148966496129864e-14,
    "1-5": -1.3180228786609706e-14,
    "1-6": -1.1900352120536419e-14,
    "2-1": -0.0033487794242743622,
    "2-2": 0.009984128158047579,
    "2-3": -0.0033487794242733782,
    "2-4": 1.26393107038964e-14,
    "2-5": 8.588178207842877e-14,
    "2-6": -9.353373310120265e-14,
    "3-1": -0.0033487794242669914,
    "3-2": -0.0033487794242490904,
    "3-3": 0.009984128158116614,
    "3-4": -8.095872809370947e-14,
    "3-5": -4.1733309431476976e-14,
    "3-6": 1.1179737167377454e-13,
    "4-1": 3.458897418436685e-15,
    "4-2": 1.0559663832871905e-14,
    "4-3": 5.043920859687911e-15,
    "4-4": 0.004428750071815181,
    "4-5": 1.4584481304225098e-13,
    "4-6": -1.8188364338719496e-14,
    "5-1": 1.3590077829853096e-15,
    "5-2": 2.9031781639643616e-15,
    "5-3": -1.2448552897643059e-16,
    "5-4": 2.6393449996080555e-15,
    "5-5": 0.004428750071765799,
    "5-6": 3.921593673429299e-15,
    "6-1": -6.470498938398687e-15,
    "6-2": -5.653683397379108e-15,
    "6-3": -3.4422874725831943e-15,
    "6-4": -7.97735900001255e-14,
    "6-5": -2.3036957285230606e-14,
    "6-6": 0.0044287500717789165
  },
  "units": {
    "stress": "gpa",
    "strain": "-"
  },
  "meta": {
    "workdir": "o.res_3d",
    "backend": "lammps",
    "base_units": "eV/\u00c5^3"
  }
}