{
  "components": [
    1,
    2,
    3,
    4,
    5,
    6
  ],
  "strains": [
    1e-05,
    -1e-05
  ],
  "C_mean": {
    "1-1": 151.42447924513033,
    "1-2": 76.42208431956344,
    "1-3": 76.42208431951306,
    "1-4": -9.74616139617253e-10,
    "1-5": -1.5558667753263767e-10,
    "1-6": 4.5866134812051476e-11,
    "2-1": 76.42208432005785,
    "2-2": 151.42447924609357,
    "2-3": 76.42208432002333,
    "2-4": -3.069373008665672e-10,
    "2-5": -9.944111698657355e-10,
    "2-6": 7.371107275591485e-10,
    "3-1": 76.42208431943922,
    "3-2": 76.422084319462,
    "3-3": 151.4244792449756,
    "3-4": 4.85620074923267e-10,
    "3-5": 8.619140834866344e-11,
    "3-6": -1.001565463381081e-09,
    "4-1": -1.9375898137912834e-10,
    "4-2": -2.538859334824441e-10,
    "4-3": -2.0718043801849398e-10,
    "4-4": 56.449335804929326,
    "4-5": -1.8589540374618563e-09,
    "4-6": 2.3183089351714425e-10,
    "5-1": -4.7207510234712836e-11,
    "5-2": -6.028303661019004e-11,
    "5-3": -3.464577730209947e-11,
    "5-4": -3.3641381829293815e-11,
    "5-5": 56.449335805558746,
    "5-6": -4.9985064539264297e-11,
    "6-1": 1.890968058502617e-10,
    "6-2": 1.821802807807233e-10,
    "6-3": 1.6345490818180931e-10,
    "6-4": 1.0168029573339795e-09,
    "6-5": 2.9363159277545053e-10,
    "6-6": 56.44933580539155
  },
  "C_sem": {
    "1-1": 0.0016796845447406806,
    "1-2": 0.0018659978469955441,
    "1-3": 0.0018659978007029674,
    "1-4": 9.7053890369987e-10,
    "1-5": 6.986781058647294e-10,
    "1-6": 7.048980158812734e-10,
    "2-1": 0.0018659983860528152,
    "2-2": 0.0016796857469335593,
    "2-3": 0.0018659983791067052,
    "2-4": 1.3784670188632562e-09,
    "2-5": 2.336605289517008e-09,
    "2-6": 8.291490718890023e-10,
    "3-1": 0.0018659977339011329,
    "3-2": 0.0018659977640335542,
    "3-3": 0.0016796845370030164,
    "3-4": 1.177601014519914e-10,
    "3-5": 6.25923966723097e-10,
    "3-6": 1.141962701083469e-09,
    "4-1": 0.00014279524295301028,
    "4-2": 0.0005770540805696087,
    "4-3": 0.00017692061389329482,
    "4-4": 2.673185096043661e-10,
    "4-5": 1.7273331543331754e-10,
    "4-6": 2.5954151106692438e-09,
    "5-1": 0.0005770539130357867,
    "5-2": 0.00014279432157845605,
    "5-3": 0.00017692105631610835,
    "5-4": 7.372068462071645e-10,
    "5-5": 1.3666716055972521e-09,
    "5-6": 2.262314693446212e-09,
    "6-1": 0.0005770539042649288,
    "6-2": 0.00017692096100879718,
    "6-3": 0.00014279457345599196,
    "6-4": 4.4902851848951947e-10,
    "6-5": 5.680546866968329e-12,
    "6-6": 1.419016459051292e-10
  },
  "S": {
    "1-1": 0.009984128158108995,
    "1-2": -0.003348779424252389,
    "1-3": -0.003348779424270535,
    "1-4": 1.8297932992259727e-13,
    "1-5": -2.6360457573219413e-14,
    "1-6": -2.3800704241072838e-14,
    "2-1": -0.0033487794242743622,
    "2-2": 0.009984128158047579,
    "2-3": -0.0033487794242733782,
    "2-4": 2.52786214077928e-14,
    "2-5": 1.7176356415685754e-13,
    "2-6": -1.870674662024053e-13,
    "3-1": -0.0033487794242669914,
    "3-2": -0.0033487794242490904,
    "3-3": 0.009984128158116614,
    "3-4": -1.6191745618741895e-13,
    "3-5": -8.346661886295395e-14,
    "3-6": 2.235947433475491e-13,
    "4-1": 6.91779483687337e-15,
    "4-2": 2.111932766574381e-14,
    "4-3": 1.0087841719375822e-14,
    "4-4": 0.017715000287260724,
    "4-5": 5.833792521690039e-13,
    "4-6": -7.275345735487798e-14,
    "5-1": 2.718015565970619e-15,
    "5-2": 5.806356327928723e-15,
    "5-3": -2.4897105795286117e-16,
    "5-4": 1.0557379998432222e-14,
    "5-5": 0.017715000287063198,
    "5-6": 1.5686374693717196e-14,
    "6-1": -1.2940997876797374e-14,
    "6-2": -1.1307366794758215e-14,
    "6-3": -6.8845749451663886e-15,
    "6-4": -3.19094360000502e-13,
    "6-5": -9.214782914092242e-14,
    "6-6": 0.017715000287115666
  },
  "units": {
    "stress": "gpa",
    "strain": "-"
  },
  "meta": {
    "workdir": "o.res_3d",
    "backend": "lammps",
    "base_units": "eV/\u00c5^3"
  }
}