{"pxx":-336275.11373089073459, "pyy":-241.56834214716485576, "pzz":0, "pyz":0, "pxz":0, "pxy":16961.949815846863203, "pe":7.9968329885822804215,"lx":13.830252491000001314, "ly":8.5339707600000451748, "lz":6.6609999999999995879, "xy":5.4197993461731064357, "xz":0, "yz":0 }
