{"pxx":7.6423950318432378737, "pyy":15.142615893025059393, "pzz":7.642395031814939621, "pyz":-2.5447524360076902321e-11, "pxz":-3.4294038399547932462e-10, "pxy":-1.2536926630857619132e-10, "pe":-832.62719980243946338,"lx":10.861899556810426404, "ly":16.292686406722289405, "lz":21.723799113620852808, "xy":0, "xz":0, "yz":16.292686406722289405 }
