{"pxx":-7.6420218321716877341, "pyy":-7.6420218323287878448, "pzz":-15.14227995606916366, "pyz":-1.6938649350687333243e-10, "pxz":-8.1050275564381058103e-11, "pxy":-1.3020515564582959651e-10, "pe":-832.62719980244150975}
