{"pxx":-589502.75628097367007, "pyy":-227.90994633908385936, "pzz":0, "pyz":0, "pxz":0, "pxy":11872.70990372036249, "pe":40.484844120228913766,"lx":15.716196012500001089, "ly":8.4865461321826725083, "lz":6.6609999999999995879, "xy":6.1246371163386426062, "xz":0, "yz":0 }
