{"pxx":-11.538955670203536741, "pyy":-41.931047245852603567, "pzz":0, "pyz":0, "pxz":0, "pxy":2.8755912178218864668e-10, "pe":4.7731030364439123786e-08,"lx":12.572956810000000871, "ly":4.3554435540000007165, "lz":6.6609999999999995879, "xy":2.5145913619999999966, "xz":0, "yz":0 }
