{"pxx":-11.538955674233118742, "pyy":-41.93104724125554128, "pzz":0, "pyz":0, "pxz":0, "pxy":-8.1086270830079227884e-11, "pe":1.9092411970817536644e-08,"lx":5.0291827239999999932, "ly":4.3554435540000007165, "lz":6.6609999999999995879, "xy":2.5145913619999999966, "xz":0, "yz":0 }
