{"pxx":0.00054115029702046877486, "pyy":0.00023457449668955925384, "pzz":0, "pyz":0, "pxz":0, "pxy":-15.195849655549890755, "pe":6.9190987799537442315e-09,"lx":5.0291827239999999932, "ly":4.3554000000000003823, "lz":6.6609999999999995879, "xy":2.5146349159999998868, "xz":0, "yz":0 }
