{"pxx":0.00054115649137706901915, "pyy":0.00023456759159741171665, "pzz":0, "pyz":0, "pxz":0, "pxy":-15.195849673907060762, "pe":1.7297747688723732696e-08,"lx":12.572956810000000871, "ly":4.3554000000000003823, "lz":6.6609999999999995879, "xy":2.5146349159999998868, "xz":0, "yz":4.3554000000000003823 }
