{"pxx":0.00054114963919003346814, "pyy":0.00023457461558819655461, "pzz":0, "pyz":0, "pxz":0, "pxy":-15.195849654456152322, "pe":1.7297747454987029074e-08,"lx":12.572956810000000871, "ly":4.3554000000000003823, "lz":6.6609999999999995879, "xy":2.5146349159999998868, "xz":0, "yz":0 }
