{"xx":-5.7705387735950972489e-09, "yy":-1.4279585120436569055e-09,"zz":1.7692083791690660087e-09,"yz":-5.551567335609995459e-15,"xz":-0.00056449335807023806946,"xy":1.1506454392295689996e-14}
