{"xx":0.00076423950317161613421, "yy":0.00076423950315636140964,"zz":0.0015142615892925954425,"yz":-7.2262478522219953808e-15,"xz":-6.3811993894648380891e-15,"xy":-3.3051824832204585238e-14}
