{"pxx":-1.1531233151886931588e-12, "pyy":-1.5899089462158486885e-10, "pzz":-2.5304497904585425104e-11, "pyz":-1.3260049615974578067e-10, "pxz":-9.8387380572050050871e-12, "pxy":-1.1616543187559080567e-10, "pe":-832.62719998411637334}
