{"pxx":-1.4279506072526209305e-05, "pyy":-5.7705541659262145316e-05, "pzz":1.7692056802875377405e-05, "pyz":-5.6449335806522658032, "pxz":1.5878333414564889475e-10, "pxy":1.2019298983961917361e-10, "pe":-832.62719991638425654}
