{
  "components": [
    1,
    2,
    6
  ],
  "strains": [
    0.01,
    -0.01
  ],
  "C_mean": {
    "1-1": 132.67405950178758,
    "1-2": 92.25694247316346,
    "1-6": -0.05148677328487152,
    "2-1": 89.96210343532344,
    "2-2": 130.12914185084958,
    "2-6": 0.22801285311871688,
    "6-1": -1.8020370649704858,
    "6-2": -0.1838813331602718,
    "6-6": 23.117561204907325
  },
  "C_sem": {
    "1-1": 0.5001572261959571,
    "1-2": 0.7575910926201329,
    "1-6": 1.0076697057182002,
    "2-1": 0.3309863996885337,
    "2-2": 4.53083604906876,
    "2-6": 0.8164331192315344,
    "6-1": 1.978563144804222,
    "6-2": 4.5381913023949565,
    "6-6": 2.449299357694605
  },
  "S": {},
  "units": {
    "stress": "gpa",
    "strain": "-"
  },
  "meta": {
    "workdir": "o.res_3d",
    "backend": "qe",
    "base_units": "eV/\u00c5^3"
  }
}