{"xx":-1.4279544824322484049e-09, "yy":-5.7705592436448848269e-09,"zz":1.7692015366787774922e-09,"yz":0.00056449335803336012519,"xz":-2.1300747334672244216e-14,"xy":1.6655916854304807701e-14}
