{"pxx":-49.828975442490715864, "pyy":-183388.64977360572084, "pzz":0, "pyz":0, "pxz":0, "pxy":-10195.698172675247406, "pe":2.1283698276188953713,"lx":12.426302139867280161, "ly":9.1463400000000003587, "lz":6.6609999999999995879, "xy":5.0291827239999999932, "xz":0, "yz":0 }
