{"pxx":-1.42795448243224826e-05, "pyy":-5.7705592436448847329e-05, "pzz":1.7692015366787773909e-05, "pyz":5.6449335803336007089, "pxz":-2.1300747334672242611e-10, "pxy":1.6655916854304805525e-10, "pe":-832.62719991638414285}
