{
  "components": [
    1,
    2,
    3,
    4,
    5,
    6
  ],
  "strains": [
    1e-05,
    -1e-05
  ],
  "C_mean": {
    "1-1": 151.42447924513036,
    "1-2": 76.42208431956345,
    "1-3": 76.42208431951308,
    "1-4": -9.746161396172533e-10,
    "1-5": -1.5558667753263772e-10,
    "1-6": 4.5866134812051554e-11,
    "2-1": 76.42208432005786,
    "2-2": 151.42447924609357,
    "2-3": 76.42208432002333,
    "2-4": -3.0693730086656717e-10,
    "2-5": -9.944111698657355e-10,
    "2-6": 7.371107275591485e-10,
    "3-1": 76.42208431943924,
    "3-2": 76.42208431946202,
    "3-3": 151.4244792449756,
    "3-4": 4.856200749232668e-10,
    "3-5": 8.619140834866338e-11,
    "3-6": -1.0015654633810814e-09,
    "4-1": -1.937589813664738e-10,
    "4-2": -2.5388593354394584e-10,
    "4-3": -2.0718043802086823e-10,
    "4-4": 56.44933580492933,
    "4-5": -1.8589540374618566e-09,
    "4-6": 2.318308935171445e-10,
    "5-1": -4.720751025331926e-11,
    "5-2": -6.028303660562343e-11,
    "5-3": -3.464577728168588e-11,
    "5-4": -3.364138182929379e-11,
    "5-5": 56.449335805558746,
    "5-6": -4.998506453926452e-11,
    "6-1": 1.890968058136308e-10,
    "6-2": 1.8218028076237049e-10,
    "6-3": 1.634549081914842e-10,
    "6-4": 1.0168029573339797e-09,
    "6-5": 2.9363159277545053e-10,
    "6-6": 56.449335805391556
  },
  "C_sem": {
    "1-1": 0.0016796845447402118,
    "1-2": 0.0018659978469983682,
    "1-3": 0.0018659978006922982,
    "1-4": 9.705389036998702e-10,
    "1-5": 6.986781058647297e-10,
    "1-6": 7.048980158812736e-10,
    "2-1": 0.0018659983860516147,
    "2-2": 0.0016796857469216773,
    "2-3": 0.001865998379102507,
    "2-4": 1.378467018863256e-09,
    "2-5": 2.3366052895170078e-09,
    "2-6": 8.291490718890023e-10,
    "3-1": 0.0018659977339012812,
    "3-2": 0.0018659977640353986,
    "3-3": 0.0016796845369952962,
    "3-4": 1.1776010145199138e-10,
    "3-5": 6.259239667230971e-10,
    "3-6": 1.1419627010834692e-09,
    "4-1": 0.00014279524295301028,
    "4-2": 0.0005770540805696087,
    "4-3": 0.00017692061389329482,
    "4-4": 2.673239407849513e-10,
    "4-5": 1.727333154333177e-10,
    "4-6": 2.595415110669244e-09,
    "5-1": 0.0005770539130357866,
    "5-2": 0.00014279432157845605,
    "5-3": 0.00017692105631610837,
    "5-4": 7.372068462071645e-10,
    "5-5": 1.3666685561066308e-09,
    "5-6": 2.2623146934462125e-09,
    "6-1": 0.0005770539042649288,
    "6-2": 0.00017692096100879718,
    "6-3": 0.000142794573455992,
    "6-4": 4.490285184895197e-10,
    "6-5": 5.680546866968328e-12,
    "6-6": 1.419060425168007e-10
  },
  "units": {
    "stress": "GPa",
    "strain": "-"
  },
  "meta": {
    "workdir": "o.res_3d",
    "backend": "lammps"
  }
}