{"xx":0.00076423950318432385103, "yy":0.0015142615893025059177,"zz":0.00076423950318149397494,"yz":-2.5447524360076902694e-15,"xz":-3.4294038399547935481e-14,"xy":-1.2536926630857620182e-14}
