{"pxx":-41.930470013760348991, "pyy":-11.539532895251291222, "pzz":0, "pyz":0, "pxz":0, "pxy":2.8582305421144139455e-10, "pe":1.9091922337154358956e-08,"lx":5.0292330158272404717, "ly":4.3554000000000003823, "lz":6.6609999999999995879, "xy":2.5146165079136202358, "xz":0, "yz":0 }
