{"pxx":-41.930470009594571934, "pyy":-11.539532899798018661, "pzz":0, "pyz":0, "pxz":0, "pxy":2.3877557170127745235e-10, "pe":4.7729806795495891581e-08,"lx":12.573082539568101623, "ly":4.3554000000000003823, "lz":6.6609999999999995879, "xy":2.5146165079136202358, "xz":0, "yz":0 }
