{"pxx":-41.930470018641479157, "pyy":-11.539532891239396406, "pzz":0, "pyz":0, "pxz":0, "pxy":3.3446987528901415297e-08, "pe":4.7729806349049111106e-08,"lx":12.573082539568101623, "ly":4.3554000000000003823, "lz":6.6609999999999995879, "xy":2.5146165079136202358, "xz":0, "yz":0 }
