{"pxx":-15.142279956059713442, "pyy":-7.6420218323306361441, "pzz":-7.6420218321965416308, "pyz":6.191500817196655027e-11, "pxz":-6.4147880890414198904e-11, "pxy":-1.912418469449233067e-10, "pe":-832.62719980244150975,"lx":10.862008175805994981, "ly":16.29284933521564227, "lz":21.723799113620852808, "xy":0, "xz":0, "yz":0 }
