{"pxx":-5.7705397177453019526e-05, "pyy":-1.4279597177043888874e-05, "pzz":1.7692076862535202543e-05, "pyz":-6.2243949721958709922e-11, "pxz":5.6449335804093685454, "pxy":1.0506753101510400304e-10, "pe":-832.62719991638414285}
