{"pxx":-5.7705387735950968862e-05, "pyy":-1.427958512043656741e-05, "pzz":1.7692083791690660236e-05, "pyz":-5.5515673356099950715e-11, "pxz":-5.6449335807023803824, "pxy":1.1506454392295688953e-10, "pe":-832.62719991638425654}
