{"xx":-1.4279506072526209706e-09, "yy":-5.770554165926214746e-09,"zz":1.7692056802875378269e-09,"yz":-0.00056449335806522656176,"xz":1.5878333414564891515e-14,"xy":1.2019298983961918676e-14}
