{"xx":-1.1531233151886932948e-16, "yy":-1.5899089462158487779e-14,"zz":-2.5304497904585427237e-15,"yz":-1.3260049615974579125e-14,"xz":-9.8387380572050064124e-16,"xy":-1.1616543187559080792e-14}
