{"xx":-0.00076420218321716882563, "yy":-0.00076420218323287880668,"zz":-0.0015142279956069165051,"yz":-1.6938649350687334662e-14,"xz":-8.1050275564381055881e-15,"xy":-1.3020515564582959631e-14}
